{
  "template": "fabric-logs-*",
  "version": 101,
  "settings": {
    "index.refresh_interval": "3s"
  },
  "mappings": {
    "properties": {
      "@timestamp": {
        "type": "date"
      },
      "ecs": {
        "properties": {
          "version": {
            "type": "keyword"
          }
        }
      },
      "host": {
        "properties": {
          "hostname": {
            "type": "keyword"
          },
          "ip": {
            "type": "ip"
          }
        }
      },
      "log": {
        "properties": {
          "syslog": {
            "properties": {
              "facility": {
                "properties": {
                  "code": {
                    "type": "long"
                  },
                  "name": {
                    "type": "keyword"
                  }
                }
              },
              "priority": {
                "type": "long"
              },
              "severity": {
                "properties": {
                  "code": {
                    "type": "long"
                  },
                  "name": {
                    "type": "keyword"
                  }
                }
              }
            }
          }
        }
      },
      "message": {
        "type": "text",
        "fields": {
          "keyword": {
            "type": "keyword",
            "ignore_above": 256
          }
        }
      },
      "process": {
        "properties": {
          "name": {
            "type": "text",
            "fields": {
              "keyword": {
                "type": "keyword",
                "ignore_above": 256
              }
            }
          }
        }
      },
      "srl": {
        "properties": {
          "syslog": {
            "properties": {
              "initial": {
                "type": "keyword"
              },
              "pid": {
                "type": "long"
              },
              "sequence": {
                "type": "long"
              },
              "subsystem": {
                "type": "text",
                "fields": {
                  "keyword": {
                    "type": "keyword",
                    "ignore_above": 256
                  }
                }
              },
              "thread": {
                "type": "long"
              }
            }
          }
        }
      },
      "tags": {
        "type": "text",
        "fields": {
          "keyword": {
            "type": "keyword",
            "ignore_above": 256
          }
        }
      }
    }
  }
}

